﻿<?xml version="1.0" encoding="utf-8"?><ArrayOfOrder xmlns:xsi="http://www.w3.org/2001/XMLSchema-instance" xmlns:xsd="http://www.w3.org/2001/XMLSchema"><Order><OrderID>10001</OrderID><CustomerName>Bethany Dalton</CustomerName><CustomerEmail>avi22@gmail.com</CustomerEmail><CustomerAdress>Orchard Court</CustomerAdress><OrderDate>2023-01-06T16:14:56.8210639+02:00</OrderDate><ShipDate>2023-01-24T10:56:34.257846+02:00</ShipDate><DeliveryDate xsi:nil="true" /></Order><Order><OrderID>10002</OrderID><CustomerName>Alaina Ingram</CustomerName><CustomerEmail>yossi349@gmail.com</CustomerEmail><CustomerAdress>Heath Close</CustomerAdress><OrderDate>2023-01-06T16:14:56.8295808+02:00</OrderDate><ShipDate>2023-01-24T10:56:40.283669+02:00</ShipDate><DeliveryDate xsi:nil="true" /></Order><Order><OrderID>10003</OrderID><CustomerName>Hope Hawkins</CustomerName><CustomerEmail>avraam563@gmail.com</CustomerEmail><CustomerAdress>Moorland Road</CustomerAdress><OrderDate>2023-01-06T16:14:56.829593+02:00</OrderDate><ShipDate>2023-01-24T11:46:08.7210928+02:00</ShipDate><DeliveryDate xsi:nil="true" /></Order><Order><OrderID>10004</OrderID><CustomerName>Charlize Cline</CustomerName><CustomerEmail>shira3492@gmail.com</CustomerEmail><CustomerAdress>Second Avenue</CustomerAdress><OrderDate>2023-01-06T16:14:56.8295943+02:00</OrderDate><ShipDate>2023-01-24T12:17:05.0419355+02:00</ShipDate><DeliveryDate xsi:nil="true" /></Order><Order><OrderID>10005</OrderID><CustomerName>Deborah Sullivan</CustomerName><CustomerEmail>shalom349@gmail.com</CustomerEmail><CustomerAdress>Oakfield Road</CustomerAdress><OrderDate>2023-01-06T16:14:56.8295955+02:00</OrderDate><ShipDate xsi:nil="true" /><DeliveryDate xsi:nil="true" /></Order><Order><OrderID>10006</OrderID><CustomerName>Jacoby Hartman</CustomerName><CustomerEmail>michal349@gmail.com</CustomerEmail><CustomerAdress>West Close</CustomerAdress><OrderDate>2023-01-06T16:14:56.8296111+02:00</OrderDate><ShipDate xsi:nil="true" /><DeliveryDate xsi:nil="true" /></Order><Order><OrderID>10007</OrderID><CustomerName>Melody Keith</CustomerName><CustomerEmail>sapir459@gmail.com</CustomerEmail><CustomerAdress>Talbot Road</CustomerAdress><OrderDate>2023-01-06T16:14:56.8296124+02:00</OrderDate><ShipDate xsi:nil="true" /><DeliveryDate xsi:nil="true" /></Order><Order><OrderID>10008</OrderID><CustomerName>Gilberto Neal</CustomerName><CustomerEmail>yaakov483@gmail.com</CustomerEmail><CustomerAdress>Commercial Road</CustomerAdress><OrderDate>2023-01-06T16:14:56.8296136+02:00</OrderDate><ShipDate xsi:nil="true" /><DeliveryDate xsi:nil="true" /></Order><Order><OrderID>10009</OrderID><CustomerName>Mattie Valencia</CustomerName><CustomerEmail>david548@gmail.com</CustomerEmail><CustomerAdress>Kingsley Road</CustomerAdress><OrderDate>2023-01-06T16:14:56.8296147+02:00</OrderDate><ShipDate xsi:nil="true" /><DeliveryDate xsi:nil="true" /></Order><Order><OrderID>10010</OrderID><CustomerName>Joyce Wolf</CustomerName><CustomerEmail>netanel3834@gmail.com</CustomerEmail><CustomerAdress>Brunswick Street</CustomerAdress><OrderDate>2023-01-06T16:14:56.8296162+02:00</OrderDate><ShipDate xsi:nil="true" /><DeliveryDate xsi:nil="true" /></Order><Order><OrderID>10011</OrderID><CustomerName>Esteban Byrd</CustomerName><CustomerEmail>shani584@gmail.com</CustomerEmail><CustomerAdress>Shakespeare Road</CustomerAdress><OrderDate>2023-01-06T16:14:56.8296174+02:00</OrderDate><ShipDate xsi:nil="true" /><DeliveryDate xsi:nil="true" /></Order><Order><OrderID>10012</OrderID><CustomerName>Amelia Salinas</CustomerName><CustomerEmail>nati4939@gmail.com</CustomerEmail><CustomerAdress>York Street</CustomerAdress><OrderDate>2023-01-06T16:14:56.8296186+02:00</OrderDate><ShipDate xsi:nil="true" /><DeliveryDate xsi:nil="true" /></Order><Order><OrderID>10014</OrderID><CustomerName>Catalina Riggs</CustomerName><CustomerEmail>noa3885@gmail.com</CustomerEmail><CustomerAdress>Derwent Avenue</CustomerAdress><OrderDate>2023-01-06T16:14:56.8296872+02:00</OrderDate><ShipDate xsi:nil="true" /><DeliveryDate xsi:nil="true" /></Order><Order><OrderID>10015</OrderID><CustomerName>Lilah Stone</CustomerName><CustomerEmail>orel684@gmail.com</CustomerEmail><CustomerAdress>Walton Road</CustomerAdress><OrderDate>2023-01-06T16:14:56.8296889+02:00</OrderDate><ShipDate xsi:nil="true" /><DeliveryDate xsi:nil="true" /></Order><Order><OrderID>10016</OrderID><CustomerName>Tyree Merritt</CustomerName><CustomerEmail>yair688@gmail.com</CustomerEmail><CustomerAdress>The Willows</CustomerAdress><OrderDate>2023-01-06T16:14:56.8296899+02:00</OrderDate><ShipDate xsi:nil="true" /><DeliveryDate xsi:nil="true" /></Order><Order><OrderID>10017</OrderID><CustomerName>Kaelyn Allison</CustomerName><CustomerEmail>sara684@gmail.com</CustomerEmail><CustomerAdress>Highfield</CustomerAdress><OrderDate>2023-01-06T16:14:56.829691+02:00</OrderDate><ShipDate xsi:nil="true" /><DeliveryDate xsi:nil="true" /></Order><Order><OrderID>10018</OrderID><CustomerName>you not me</CustomerName><CustomerEmail>y@gmail.com</CustomerEmail><CustomerAdress>8th avenue</CustomerAdress><OrderDate>2023-01-18T17:50:00.186376+02:00</OrderDate><ShipDate xsi:nil="true" /><DeliveryDate xsi:nil="true" /></Order><Order><OrderID>10019</OrderID><CustomerName>david</CustomerName><CustomerEmail>d@g.com</CustomerEmail><CustomerAdress>4</CustomerAdress><OrderDate>2023-01-18T18:50:44.9024141+02:00</OrderDate><ShipDate>2023-01-24T10:56:25.205226+02:00</ShipDate><DeliveryDate xsi:nil="true" /></Order></ArrayOfOrder>