﻿<?xml version="1.0" encoding="utf-8"?><ArrayOfOrderItem xmlns:xsi="http://www.w3.org/2001/XMLSchema-instance" xmlns:xsd="http://www.w3.org/2001/XMLSchema"><OrderItem><OrderItemID>10001</OrderItemID><OrderId>10001</OrderId><ProductID>662864</ProductID><PriceItem>4000</PriceItem><Amount>3</Amount></OrderItem><OrderItem><OrderItemID>10002</OrderItemID><OrderId>10001</OrderId><ProductID>766065</ProductID><PriceItem>3900</PriceItem><Amount>1</Amount></OrderItem><OrderItem><OrderItemID>10003</OrderItemID><OrderId>10001</OrderId><ProductID>371691</ProductID><PriceItem>3000</PriceItem><Amount>2</Amount></OrderItem><OrderItem><OrderItemID>10004</OrderItemID><OrderId>10001</OrderId><ProductID>167233</ProductID><PriceItem>4000</PriceItem><Amount>2</Amount></OrderItem><OrderItem><OrderItemID>10005</OrderItemID><OrderId>10002</OrderId><ProductID>662864</ProductID><PriceItem>4000</PriceItem><Amount>1</Amount></OrderItem><OrderItem><OrderItemID>10006</OrderItemID><OrderId>10002</OrderId><ProductID>766065</ProductID><PriceItem>3900</PriceItem><Amount>3</Amount></OrderItem><OrderItem><OrderItemID>10007</OrderItemID><OrderId>10002</OrderId><ProductID>371691</ProductID><PriceItem>3000</PriceItem><Amount>1</Amount></OrderItem><OrderItem><OrderItemID>10008</OrderItemID><OrderId>10002</OrderId><ProductID>167233</ProductID><PriceItem>4000</PriceItem><Amount>4</Amount></OrderItem><OrderItem><OrderItemID>10009</OrderItemID><OrderId>10003</OrderId><ProductID>662864</ProductID><PriceItem>4000</PriceItem><Amount>2</Amount></OrderItem><OrderItem><OrderItemID>10010</OrderItemID><OrderId>10003</OrderId><ProductID>766065</ProductID><PriceItem>3900</PriceItem><Amount>4</Amount></OrderItem><OrderItem><OrderItemID>10011</OrderItemID><OrderId>10003</OrderId><ProductID>371691</ProductID><PriceItem>3000</PriceItem><Amount>2</Amount></OrderItem><OrderItem><OrderItemID>10012</OrderItemID><OrderId>10003</OrderId><ProductID>167233</ProductID><PriceItem>4000</PriceItem><Amount>1</Amount></OrderItem><OrderItem><OrderItemID>10013</OrderItemID><OrderId>10004</OrderId><ProductID>662864</ProductID><PriceItem>4000</PriceItem><Amount>1</Amount></OrderItem><OrderItem><OrderItemID>10014</OrderItemID><OrderId>10004</OrderId><ProductID>766065</ProductID><PriceItem>3900</PriceItem><Amount>2</Amount></OrderItem><OrderItem><OrderItemID>10015</OrderItemID><OrderId>10004</OrderId><ProductID>371691</ProductID><PriceItem>3000</PriceItem><Amount>4</Amount></OrderItem><OrderItem><OrderItemID>10016</OrderItemID><OrderId>10004</OrderId><ProductID>167233</ProductID><PriceItem>4000</PriceItem><Amount>1</Amount></OrderItem><OrderItem><OrderItemID>10017</OrderItemID><OrderId>10005</OrderId><ProductID>662864</ProductID><PriceItem>4000</PriceItem><Amount>3</Amount></OrderItem><OrderItem><OrderItemID>10018</OrderItemID><OrderId>10005</OrderId><ProductID>766065</ProductID><PriceItem>3900</PriceItem><Amount>3</Amount></OrderItem><OrderItem><OrderItemID>10019</OrderItemID><OrderId>10005</OrderId><ProductID>371691</ProductID><PriceItem>3000</PriceItem><Amount>3</Amount></OrderItem><OrderItem><OrderItemID>10020</OrderItemID><OrderId>10005</OrderId><ProductID>167233</ProductID><PriceItem>4000</PriceItem><Amount>1</Amount></OrderItem><OrderItem><OrderItemID>10021</OrderItemID><OrderId>10006</OrderId><ProductID>662864</ProductID><PriceItem>4000</PriceItem><Amount>1</Amount></OrderItem><OrderItem><OrderItemID>10022</OrderItemID><OrderId>10006</OrderId><ProductID>766065</ProductID><PriceItem>3900</PriceItem><Amount>3</Amount></OrderItem><OrderItem><OrderItemID>10023</OrderItemID><OrderId>10006</OrderId><ProductID>371691</ProductID><PriceItem>3000</PriceItem><Amount>1</Amount></OrderItem><OrderItem><OrderItemID>10024</OrderItemID><OrderId>10006</OrderId><ProductID>167233</ProductID><PriceItem>4000</PriceItem><Amount>2</Amount></OrderItem><OrderItem><OrderItemID>10025</OrderItemID><OrderId>10007</OrderId><ProductID>662864</ProductID><PriceItem>4000</PriceItem><Amount>2</Amount></OrderItem><OrderItem><OrderItemID>10026</OrderItemID><OrderId>10007</OrderId><ProductID>766065</ProductID><PriceItem>3900</PriceItem><Amount>4</Amount></OrderItem><OrderItem><OrderItemID>10027</OrderItemID><OrderId>10007</OrderId><ProductID>371691</ProductID><PriceItem>3000</PriceItem><Amount>1</Amount></OrderItem><OrderItem><OrderItemID>10028</OrderItemID><OrderId>10007</OrderId><ProductID>167233</ProductID><PriceItem>4000</PriceItem><Amount>2</Amount></OrderItem><OrderItem><OrderItemID>10029</OrderItemID><OrderId>10008</OrderId><ProductID>662864</ProductID><PriceItem>4000</PriceItem><Amount>4</Amount></OrderItem><OrderItem><OrderItemID>10030</OrderItemID><OrderId>10008</OrderId><ProductID>766065</ProductID><PriceItem>3900</PriceItem><Amount>1</Amount></OrderItem><OrderItem><OrderItemID>10031</OrderItemID><OrderId>10008</OrderId><ProductID>371691</ProductID><PriceItem>3000</PriceItem><Amount>3</Amount></OrderItem><OrderItem><OrderItemID>10032</OrderItemID><OrderId>10008</OrderId><ProductID>167233</ProductID><PriceItem>4000</PriceItem><Amount>1</Amount></OrderItem><OrderItem><OrderItemID>10033</OrderItemID><OrderId>10009</OrderId><ProductID>662864</ProductID><PriceItem>4000</PriceItem><Amount>3</Amount></OrderItem><OrderItem><OrderItemID>10034</OrderItemID><OrderId>10009</OrderId><ProductID>766065</ProductID><PriceItem>3900</PriceItem><Amount>3</Amount></OrderItem><OrderItem><OrderItemID>10035</OrderItemID><OrderId>10009</OrderId><ProductID>371691</ProductID><PriceItem>3000</PriceItem><Amount>3</Amount></OrderItem><OrderItem><OrderItemID>10036</OrderItemID><OrderId>10009</OrderId><ProductID>167233</ProductID><PriceItem>4000</PriceItem><Amount>4</Amount></OrderItem><OrderItem><OrderItemID>10037</OrderItemID><OrderId>10010</OrderId><ProductID>662864</ProductID><PriceItem>4000</PriceItem><Amount>1</Amount></OrderItem><OrderItem><OrderItemID>10038</OrderItemID><OrderId>10010</OrderId><ProductID>766065</ProductID><PriceItem>3900</PriceItem><Amount>4</Amount></OrderItem><OrderItem><OrderItemID>10039</OrderItemID><OrderId>10010</OrderId><ProductID>371691</ProductID><PriceItem>3000</PriceItem><Amount>3</Amount></OrderItem><OrderItem><OrderItemID>10040</OrderItemID><OrderId>10010</OrderId><ProductID>167233</ProductID><PriceItem>4000</PriceItem><Amount>3</Amount></OrderItem><OrderItem><OrderItemID>10041</OrderItemID><OrderId>10011</OrderId><ProductID>662864</ProductID><PriceItem>4000</PriceItem><Amount>1</Amount></OrderItem><OrderItem><OrderItemID>10042</OrderItemID><OrderId>10011</OrderId><ProductID>766065</ProductID><PriceItem>3900</PriceItem><Amount>1</Amount></OrderItem><OrderItem><OrderItemID>10043</OrderItemID><OrderId>10011</OrderId><ProductID>371691</ProductID><PriceItem>3000</PriceItem><Amount>4</Amount></OrderItem><OrderItem><OrderItemID>10044</OrderItemID><OrderId>10011</OrderId><ProductID>167233</ProductID><PriceItem>4000</PriceItem><Amount>3</Amount></OrderItem><OrderItem><OrderItemID>10045</OrderItemID><OrderId>10012</OrderId><ProductID>662864</ProductID><PriceItem>4000</PriceItem><Amount>3</Amount></OrderItem><OrderItem><OrderItemID>10046</OrderItemID><OrderId>10012</OrderId><ProductID>766065</ProductID><PriceItem>3900</PriceItem><Amount>1</Amount></OrderItem><OrderItem><OrderItemID>10047</OrderItemID><OrderId>10012</OrderId><ProductID>371691</ProductID><PriceItem>3000</PriceItem><Amount>3</Amount></OrderItem><OrderItem><OrderItemID>10048</OrderItemID><OrderId>10012</OrderId><ProductID>167233</ProductID><PriceItem>4000</PriceItem><Amount>3</Amount></OrderItem><OrderItem><OrderItemID>10049</OrderItemID><OrderId>10013</OrderId><ProductID>662864</ProductID><PriceItem>4000</PriceItem><Amount>1</Amount></OrderItem><OrderItem><OrderItemID>10050</OrderItemID><OrderId>10013</OrderId><ProductID>766065</ProductID><PriceItem>3900</PriceItem><Amount>1</Amount></OrderItem><OrderItem><OrderItemID>10051</OrderItemID><OrderId>10013</OrderId><ProductID>371691</ProductID><PriceItem>3000</PriceItem><Amount>1</Amount></OrderItem><OrderItem><OrderItemID>10052</OrderItemID><OrderId>10013</OrderId><ProductID>167233</ProductID><PriceItem>4000</PriceItem><Amount>4</Amount></OrderItem><OrderItem><OrderItemID>10053</OrderItemID><OrderId>10014</OrderId><ProductID>662864</ProductID><PriceItem>4000</PriceItem><Amount>4</Amount></OrderItem><OrderItem><OrderItemID>10054</OrderItemID><OrderId>10014</OrderId><ProductID>766065</ProductID><PriceItem>3900</PriceItem><Amount>2</Amount></OrderItem><OrderItem><OrderItemID>10055</OrderItemID><OrderId>10014</OrderId><ProductID>371691</ProductID><PriceItem>3000</PriceItem><Amount>4</Amount></OrderItem><OrderItem><OrderItemID>10056</OrderItemID><OrderId>10014</OrderId><ProductID>167233</ProductID><PriceItem>4000</PriceItem><Amount>3</Amount></OrderItem><OrderItem><OrderItemID>10057</OrderItemID><OrderId>10015</OrderId><ProductID>662864</ProductID><PriceItem>4000</PriceItem><Amount>1</Amount></OrderItem><OrderItem><OrderItemID>10058</OrderItemID><OrderId>10015</OrderId><ProductID>766065</ProductID><PriceItem>3900</PriceItem><Amount>2</Amount></OrderItem><OrderItem><OrderItemID>10059</OrderItemID><OrderId>10015</OrderId><ProductID>371691</ProductID><PriceItem>3000</PriceItem><Amount>3</Amount></OrderItem><OrderItem><OrderItemID>10060</OrderItemID><OrderId>10015</OrderId><ProductID>167233</ProductID><PriceItem>4000</PriceItem><Amount>3</Amount></OrderItem><OrderItem><OrderItemID>10061</OrderItemID><OrderId>10016</OrderId><ProductID>662864</ProductID><PriceItem>4000</PriceItem><Amount>2</Amount></OrderItem><OrderItem><OrderItemID>10062</OrderItemID><OrderId>10016</OrderId><ProductID>766065</ProductID><PriceItem>3900</PriceItem><Amount>4</Amount></OrderItem><OrderItem><OrderItemID>10063</OrderItemID><OrderId>10016</OrderId><ProductID>371691</ProductID><PriceItem>3000</PriceItem><Amount>1</Amount></OrderItem><OrderItem><OrderItemID>10064</OrderItemID><OrderId>10016</OrderId><ProductID>167233</ProductID><PriceItem>4000</PriceItem><Amount>3</Amount></OrderItem><OrderItem><OrderItemID>10065</OrderItemID><OrderId>10017</OrderId><ProductID>662864</ProductID><PriceItem>4000</PriceItem><Amount>3</Amount></OrderItem><OrderItem><OrderItemID>10066</OrderItemID><OrderId>10017</OrderId><ProductID>766065</ProductID><PriceItem>3900</PriceItem><Amount>2</Amount></OrderItem><OrderItem><OrderItemID>10067</OrderItemID><OrderId>10017</OrderId><ProductID>371691</ProductID><PriceItem>3000</PriceItem><Amount>4</Amount></OrderItem><OrderItem><OrderItemID>10068</OrderItemID><OrderId>10017</OrderId><ProductID>167233</ProductID><PriceItem>4000</PriceItem><Amount>3</Amount></OrderItem><OrderItem><OrderItemID>10069</OrderItemID><OrderId>10018</OrderId><ProductID>662864</ProductID><PriceItem>4000</PriceItem><Amount>1</Amount></OrderItem><OrderItem><OrderItemID>10070</OrderItemID><OrderId>10018</OrderId><ProductID>766065</ProductID><PriceItem>3900</PriceItem><Amount>3</Amount></OrderItem><OrderItem><OrderItemID>10071</OrderItemID><OrderId>10018</OrderId><ProductID>371691</ProductID><PriceItem>3000</PriceItem><Amount>2</Amount></OrderItem><OrderItem><OrderItemID>10072</OrderItemID><OrderId>10018</OrderId><ProductID>167233</ProductID><PriceItem>4000</PriceItem><Amount>2</Amount></OrderItem><OrderItem><OrderItemID>10073</OrderItemID><OrderId>10019</OrderId><ProductID>662864</ProductID><PriceItem>4000</PriceItem><Amount>1</Amount></OrderItem><OrderItem><OrderItemID>10074</OrderItemID><OrderId>10019</OrderId><ProductID>766065</ProductID><PriceItem>3900</PriceItem><Amount>4</Amount></OrderItem><OrderItem><OrderItemID>10075</OrderItemID><OrderId>10019</OrderId><ProductID>371691</ProductID><PriceItem>3000</PriceItem><Amount>1</Amount></OrderItem><OrderItem><OrderItemID>10076</OrderItemID><OrderId>10019</OrderId><ProductID>167233</ProductID><PriceItem>4000</PriceItem><Amount>4</Amount></OrderItem><OrderItem><OrderItemID>10077</OrderItemID><OrderId>10020</OrderId><ProductID>662864</ProductID><PriceItem>4000</PriceItem><Amount>1</Amount></OrderItem><OrderItem><OrderItemID>10078</OrderItemID><OrderId>10020</OrderId><ProductID>766065</ProductID><PriceItem>3900</PriceItem><Amount>3</Amount></OrderItem><OrderItem><OrderItemID>10079</OrderItemID><OrderId>10020</OrderId><ProductID>371691</ProductID><PriceItem>3000</PriceItem><Amount>1</Amount></OrderItem><OrderItem><OrderItemID>10080</OrderItemID><OrderId>10020</OrderId><ProductID>167233</ProductID><PriceItem>4000</PriceItem><Amount>3</Amount></OrderItem><OrderItem><OrderItemID>10081</OrderItemID><OrderId>10021</OrderId><ProductID>601151</ProductID><PriceItem>12</PriceItem><Amount>2</Amount></OrderItem><OrderItem><OrderItemID>10082</OrderItemID><OrderId>10022</OrderId><ProductID>153133</ProductID><PriceItem>850</PriceItem><Amount>1</Amount></OrderItem><OrderItem><OrderItemID>10083</OrderItemID><OrderId>10023</OrderId><ProductID>918524</ProductID><PriceItem>3000</PriceItem><Amount>5</Amount></OrderItem><OrderItem><OrderItemID>10083</OrderItemID><OrderId>10023</OrderId><ProductID>279776</ProductID><PriceItem>150</PriceItem><Amount>5</Amount></OrderItem><OrderItem><OrderItemID>10083</OrderItemID><OrderId>10023</OrderId><ProductID>251799</ProductID><PriceItem>250</PriceItem><Amount>6</Amount></OrderItem><OrderItem><OrderItemID>10083</OrderItemID><OrderId>10023</OrderId><ProductID>278056</ProductID><PriceItem>1230</PriceItem><Amount>1</Amount></OrderItem><OrderItem><OrderItemID>10083</OrderItemID><OrderId>10023</OrderId><ProductID>482132</ProductID><PriceItem>5000</PriceItem><Amount>5</Amount></OrderItem><OrderItem><OrderItemID>10083</OrderItemID><OrderId>10023</OrderId><ProductID>128087</ProductID><PriceItem>6000</PriceItem><Amount>6</Amount></OrderItem><OrderItem><OrderItemID>10084</OrderItemID><OrderId>10019</OrderId><ProductID>279776</ProductID><PriceItem>150</PriceItem><Amount>2</Amount></OrderItem><OrderItem><OrderItemID>10084</OrderItemID><OrderId>10019</OrderId><ProductID>251799</ProductID><PriceItem>250</PriceItem><Amount>1</Amount></OrderItem><OrderItem><OrderItemID>10084</OrderItemID><OrderId>10019</OrderId><ProductID>119028</ProductID><PriceItem>4000</PriceItem><Amount>1</Amount></OrderItem><OrderItem><OrderItemID>10084</OrderItemID><OrderId>10019</OrderId><ProductID>918524</ProductID><PriceItem>3000</PriceItem><Amount>1</Amount></OrderItem><OrderItem><OrderItemID>10085</OrderItemID><OrderId>10018</OrderId><ProductID>251799</ProductID><PriceItem>250</PriceItem><Amount>4</Amount></OrderItem><OrderItem><OrderItemID>10085</OrderItemID><OrderId>10018</OrderId><ProductID>279776</ProductID><PriceItem>150</PriceItem><Amount>2</Amount></OrderItem><OrderItem><OrderItemID>10086</OrderItemID><OrderId>10019</OrderId><ProductID>119028</ProductID><PriceItem>4000</PriceItem><Amount>3</Amount></OrderItem><OrderItem><OrderItemID>10087</OrderItemID><OrderId>10020</OrderId><ProductID>995196</ProductID><PriceItem>50</PriceItem><Amount>1</Amount></OrderItem><OrderItem><OrderItemID>10087</OrderItemID><OrderId>10020</OrderId><ProductID>34342</ProductID><PriceItem>3214</PriceItem><Amount>3</Amount></OrderItem><OrderItem><OrderItemID>10087</OrderItemID><OrderId>10020</OrderId><ProductID>982070</ProductID><PriceItem>2000</PriceItem><Amount>1</Amount></OrderItem></ArrayOfOrderItem>