﻿<?xml version="1.0" encoding="utf-8"?><ArrayOfProduct xmlns:xsi="http://www.w3.org/2001/XMLSchema-instance" xmlns:xsd="http://www.w3.org/2001/XMLSchema"><Product><ProductID>119028</ProductID><ProductName>Dell laptop </ProductName><Category>Laptop</Category><Price>4000</Price><InStock>138</InStock></Product><Product><ProductID>153133</ProductID><ProductName>airpods pro2</ProductName><Category>Hadphones</Category><Price>850</Price><InStock>122</InStock></Product><Product><ProductID>251799</ProductID><ProductName>Keyboard Logiteck</ProductName><Category>Keybord</Category><Price>250</Price><InStock>51</InStock></Product><Product><ProductID>279776</ProductID><ProductName>logiteck 5</ProductName><Category>Mouse</Category><Price>150</Price><InStock>67</InStock></Product><Product><ProductID>425404</ProductID><ProductName>Keyboard Razer</ProductName><Category>Keybord</Category><Price>400</Price><InStock>35</InStock></Product><Product><ProductID>821032</ProductID><ProductName>GalaxyS22</ProductName><Category>Phone</Category><Price>3900</Price><InStock>0</InStock></Product><Product><ProductID>860972</ProductID><ProductName>Iphone14</ProductName><Category>Phone</Category><Price>4000</Price><InStock>0</InStock></Product><Product><ProductID>918524</ProductID><ProductName>Lenovo PC</ProductName><Category>Laptop</Category><Price>3000</Price><InStock>84</InStock></Product><Product><ProductID>942616</ProductID><ProductName>Mouse Logitech</ProductName><Category>Mouse</Category><Price>200</Price><InStock>176</InStock></Product><Product><ProductID>995196</ProductID><ProductName>galaxy buds2</ProductName><Category>Hadphones</Category><Price>50</Price><InStock>82</InStock></Product><Product><ProductID>342</ProductID><ProductName>my cool headphones </ProductName><Category>Hadphones</Category><Price>12</Price><InStock>23</InStock></Product><Product><ProductID>34342</ProductID><ProductName>sapirs Phone</ProductName><Category>Phone</Category><Price>3214</Price><InStock>120</InStock></Product><Product><ProductID>1234</ProductID><ProductName>david apple</ProductName><Category>Hadphones</Category><Price>12345</Price><InStock>17</InStock></Product><Product><ProductID>12345</ProductID><ProductName>my cool mouse </ProductName><Category>Mouse</Category><Price>1230</Price><InStock>132</InStock></Product><Product><ProductID>982070</ProductID><ProductName>cool mouse</ProductName><Category>Mouse</Category><Price>2000</Price><InStock>13</InStock></Product><Product><ProductID>282735</ProductID><ProductName>techline mouse</ProductName><Category>Mouse</Category><Price>4000</Price><InStock>12</InStock></Product><Product><ProductID>601151</ProductID><ProductName>ugreen </ProductName><Category>Mouse</Category><Price>12</Price><InStock>10</InStock></Product><Product><ProductID>339515</ProductID><ProductName>Iphone 1</ProductName><Category>Phone</Category><Price>3000</Price><InStock>40</InStock></Product></ArrayOfProduct>